mozilla,token1,john,carbon.super,pizza,v1.1,pizza/v1.1,admin,carbon.super,1,default,smith,SUBSCRIPTION_LIMIT_EXCEEDED,g1,1532439013459
mozilla,token1,john,carbon.super,pizza,v1.1,pizza/v1.1,admin,carbon.super,1,default,smith,SUBSCRIPTION_LIMIT_EXCEEDED,g1,1532439013458
mozilla,token1,john,carbon.super,pizza,v1.1,pizza/v1.1,admin,carbon.super,1,default,smith,SUBSCRIPTION_LIMIT_EXCEEDED,g1,1532439013559
mozilla,token1,john,carbon.super,pizza,v1.1,pizza/v1.1,admin,carbon.super,1,default,smith,SUBSCRIPTION_LIMIT_EXCEEDED,g1,1532439013559
mozilla,token1,john,carbon.super,pizza,v1.1,pizza/v1.1,admin,carbon.super,1,default,smith,SUBSCRIPTION_LIMIT_EXCEEDED,g1,1532439013459
mozilla,token1,john,carbon.super,pizza,v1.1,pizza/v1.1,admin,carbon.super,1,default,smith,SUBSCRIPTION_LIMIT_EXCEEDED,g1,1532439013459
mozilla,token1,john,carbon.super,pizza,v1.1,pizza/v1.1,admin,carbon.super,1,default,smith,SUBSCRIPTION_LIMIT_EXCEEDED,g1,1532439013439
mozilla,token1,john,carbon.super,pizza,v1.1,pizza/v1.1,admin,carbon.super,1,default,smith,SUBSCRIPTION_LIMIT_EXCEEDED,g1,1532439013459
mozilla,token1,john,carbon.super,pizza,v1.1,pizza/v1.1,admin,carbon.super,1,default,smith,SUBSCRIPTION_LIMIT_EXCEEDED,g1,1532439013459
mozilla,token1,john,carbon.super,pizza,v1.1,pizza/v1.1,admin,carbon.super,1,default,smith,SUBSCRIPTION_LIMIT_EXCEEDED,g1,1532439013459
mozilla,token1,john,carbon.super,pizza,v1.1,pizza/v1.1,admin,carbon.super,1,default,smith,SUBSCRIPTION_LIMIT_EXCEEDED,g1,1532439013459
mozilla,token1,john,carbon.super,pizza,v1.1,pizza/v1.1,admin,carbon.super,1,default,smith,SUBSCRIPTION_LIMIT_EXCEEDED,g1,1532439013459
mozilla,token1,john,carbon.super,pizza,v1.1,pizza/v1.1,admin,carbon.super,1,default,smith,SUBSCRIPTION_LIMIT_EXCEEDED,g1,1532439013459
mozilla,token1,john,carbon.super,pizza,v1.1,pizza/v1.1,admin,carbon.super,1,default,smith,SUBSCRIPTION_LIMIT_EXCEEDED,g1,1532439013459
mozilla,token1,john,carbon.super,pizza,v1.1,pizza/v1.1,admin,carbon.super,1,default,smith,SUBSCRIPTION_LIMIT_EXCEEDED,g1,1532439013459
mozilla,token1,john,carbon.super,pizza,v1.1,pizza/v1.1,admin,carbon.super,1,default,smith,APPLICATION_LIMIT_EXCEEDED,g1,1533036345285
mozilla,token1,john,carbon.super,pizza,v1.1,pizza/v1.1,admin,carbon.super,1,default,smith,APPLICATION_LIMIT_EXCEEDED,g1,1533036345285
mozilla,token1,john,carbon.super,pizza,v1.1,pizza/v1.1,admin,carbon.super,1,default,smith,"APPLICATION_LIMIT_EXCEEDED
",g1,1533036345285
mozilla,token1,john,carbon.super,pizza,v1.1,pizza/v1.1,admin,carbon.super,1,default,smith,"APPLICATION_LIMIT_EXCEEDED
",g1,1533036345285
mozilla,token1,john,carbon.super,pizza,v1.1,pizza/v1.1,admin,carbon.super,1,default,smith,APPLICATION_LIMIT_EXCEEDED,g1,1533036345285
mozilla,token1,john,carbon.super,pizza,v1.1,pizza/v1.1,admin,carbon.super,1,default,smith,APPLICATION_LIMIT_EXCEEDED,g1,1533036345285
mozilla,token1,john,carbon.super,pizza,v1.1,pizza/v1.1,admin,carbon.super,1,default,smith,"APPLICATION_LIMIT_EXCEEDED
",g1,1533036345285
mozilla,token1,john,carbon.super,pizza,v1.1,pizza/v1.1,admin,carbon.super,1,default,smith,"APPLICATION_LIMIT_EXCEEDED
",g1,1533036345285
mozilla,token1,john,carbon.super,pizza,v1.1,pizza/v1.1,admin,carbon.super,1,default,smith,"APPLICATION_LIMIT_EXCEEDED
",g1,1533036345285
mozilla,token1,john,carbon.super,pizza,v1.1,pizza/v1.1,admin,carbon.super,1,default,smith,"APPLICATION_LIMIT_EXCEEDED
",g1,1533036345285
mozilla,token1,john,carbon.super,pizza,v1.1,pizza/v1.1,admin,carbon.super,1,default,smith,"APPLICATION_LIMIT_EXCEEDED
",g1,1533036345285
mozilla,token1,john,carbon.super,pizza,v1.1,pizza/v1.1,admin,carbon.super,1,default,smith,"APPLICATION_LIMIT_EXCEEDED
",g1,1533036345285
mozilla,token1,john,carbon.super,pizza,v1.1,pizza/v1.1,admin,carbon.super,1,default,smith,"APPLICATION_LIMIT_EXCEEDED
",g1,1533036345285
mozilla,token1,john,carbon.super,pizza,v1.1,pizza/v1.1,admin,carbon.super,1,default,smith,"APPLICATION_LIMIT_EXCEEDED
",g1,1533036345285
mozilla,token1,john,carbon.super,pizza,v1.1,pizza/v1.1,admin,carbon.super,1,default,smith,APPLICATION_LIMIT_EXCEEDED,g1,1533036345285
mozilla,token2,shilmy,carbon.super,pizza,v1.1,pizza/v1.1,admin,carbon.super,2,2nd App,smith,APPLICATION_LIMIT_EXCEEDED,g1,1533036345285