1234,vkUIUJ5Dfl_defaultFVgPvXT7Umwa,DefaultApplication,2,apicreator,/phoneverify/1.0.0,PhoneVerification,1.0.0,/CheckPhoneNumber?PhoneNumber=6757658765&LicenseKey=0,CheckPhoneNumber,GET,apicreator,carbon.super,Bronze,10.100.0.106,John,carbon.super,10.100.0.18,Mozilla/5.0 (X11; Linux x86_64) AppleWebKit/537.36 (KHTML like Gecko) Chrome/67.0.3396.87 Safari/537.36,1533035705125,false,167,12,0,false,0,https-8243,200,http://ws.cdyne.com/phoneverify/phoneverify.asmx,83,87,12,2,84,13,gateType,label
1234,vkUIUJ5Dfl_defaultFVgPvXT7Umwa,DefaultApplication,2,apicreator,/phoneverify/1.0.0,PhoneVerification,1.0.0,/CheckPhoneNumber?PhoneNumber=6757658765&LicenseKey=0,CheckPhoneNumber,GET,apicreator,carbon.super,Bronze,10.100.0.106,John,carbon.super,10.100.0.18,Mozilla/5.0 (X11; Linux x86_64) AppleWebKit/537.36 (KHTML like Gecko) Chrome/67.0.3396.87 Safari/537.36,1533035705125,false,168,14,0,false,1,https-8242,201,http://ws.cdyne.com/phoneverify/phoneverify.asmx,84,86,14,3,85,15,gateType,label
1234,vkUIUJ5Dfl_defaultFVgPvXT7Umwa,DefaultApplication,2,apicreator,/phoneverify/1.0.0,PhoneVerification,1.0.0,/CheckPhoneNumber?PhoneNumber=6757658765&LicenseKey=0,CheckPhoneNumber,GET,apicreator,carbon.super,Bronze,10.100.0.106,John,carbon.super,10.100.0.18,Mozilla/5.0 (X11; Linux x86_64) AppleWebKit/537.36 (KHTML like Gecko) Chrome/67.0.3396.87 Safari/537.36,1533035710125,false,169,17,0,false,2,https-8241,202,http://ws.cdyne.com/phoneverify/phoneverify.asmx,85,91,17,5,86,18,gateType,label
1234,vkUIUJ5Dfl_defaultFVgPvXT7Umwa,DefaultApplication,1,apicreator,/phoneverify/2.0.0,PhoneVerification,2.0.0,/CheckPhoneNumber?PhoneNumber=6757658765&LicenseKey=0,CheckPhoneNumber,GET,apicreator,carbon.super,Bronze,10.100.0.106,John,carbon.super,10.100.0.18,Mozilla/5.0 (X11; Linux x86_64) AppleWebKit/537.36 (KHTML like Gecko) Chrome/67.0.3396.87 Safari/537.36,1533035720125,false,170,22,0,false,3,https-8240,203,http://ws.cdyne.com/phoneverify/phoneverify.asmx,86,93,22,1,87,23,gateType,label
1235,vkUIUJ5Dfl_nAT8kFVgPvXT7Umwa,Application2,2,owner1,/pizzashack/1.0.0,PizzaShack,1.0.0,/PizzaShack/menu,/PizzaShack/menu,GET,creator2,carbon.super,Bronze,10.100.0.107,Ann,carbon.super,10.100.15.13,Mozilla/5.0 (compatible; MSIE 9.0; Windows Phone OS 7.5; Trident/5.0; IEMobile/9.0),1533035740125,false,234,28,0,false,4,https-8239,204,http://ws.cdyne.com/phoneverify/phoneverify.asmx,87,91,28,5,88,29,gateType,label
1236,vkUIUJ5Dfl_nAT8kFVgPvXT7Umwa,Application2,2,owner1,/pizzashack/1.0.0,PizzaShack,1.0.0,/PizzaShack/order/{2},/PizzaShack/order/{id],POST,creator2,carbon.super,Bronze,10.100.0.107,Ann,carbon.super,10.100.15.13,Mozilla/5.0 (compatible; MSIE 9.0; Windows Phone OS 7.5; Trident/5.0; IEMobile/9.0),1533036600125,false,145,13,0,false,5,https-8238,205,http://ws.cdyne.com/phoneverify/phoneverify.asmx,88,90,13,7,89,14,gateType,label
1237,vkUIUJ5Dfl_nAT8kFVgPvXT7Umwa,Application2,2,owner1,/pizzashack/1.0.0,PizzaShack,1.0.0,/PizzaShack/menu,/PizzaShack/menu,GET,creator2,carbon.super,Bronze,10.100.0.107,Ann,carbon.super,10.100.15.13,Mozilla/5.0 (compatible; MSIE 9.0; Windows Phone OS 7.5; Trident/5.0; IEMobile/9.0),1533036600126,false,134,15,0,false,6,https-8237,206,http://ws.cdyne.com/phoneverify/phoneverify.asmx,89,95,15,2,90,16,gateType,label
1238,vkUIUJ5Dfl_defaultFVgPvXT7Umwa,DefaultApplication,1,apicreator,/phoneverify/2.0.0,PhoneVerification,2.0.0,/CheckPhoneNumber?PhoneNumber=6757658765&LicenseKey=0,CheckPhoneNumber,GET,apicreator,carbon.super,Bronze,10.100.0.106,John,carbon.super,10.100.0.18,Mozilla/5.0 (X11; Linux x86_64) AppleWebKit/537.36 (KHTML like Gecko) Chrome/67.0.3396.87 Safari/537.36,1533036600127,false,139,18,0,false,7,https-8236,207,http://ws.cdyne.com/phoneverify/phoneverify.asmx,90,97,18,3,91,19,gateType,label
1234,vkUIUJ5Dfl_app4FVgPvXT7Umwa,App4,4,appOwner4,/t/foo.com/studentManager/1.0.0,StudentManager,1.0.0,/StudentManager/students/new,/StudentManager/students/new,GET,creator3,foo.com,Bronze,10.100.12.106,Paul,carbon.super,10.100.0.22,Mozilla/5.0 (Windows NT 6.1; Win64; x64; rv:47.0) Gecko/20100101 Firefox/47.0,1533036600128,false,156,23,0,false,0,https-8243,200,http://ws.cdyne.com/phoneverify/phoneverify.asmx,91,95,23,6,92,24,gateType,label
1234,vkUIUJ5Dfl_app4FVgPvXT7Umwa,App4,4,appOwner4,/t/foo.com/studentManager/1.0.0,StudentManager,1.0.0,/StudentManager/students/register,/StudentManager/students/register,POST,creator3,foo.com,Bronze,10.100.12.106,Paul,carbon.super,10.100.0.22,Mozilla/5.0 (Windows NT 6.1; Win64; x64; rv:47.0) Gecko/20100101 Firefox/47.0,1533036600129,false,145,29,0,false,0,https-8243,200,http://ws.cdyne.com/phoneverify/phoneverify.asmx,92,94,29,9,93,30,gateType,label
1234,vkUIUJ5Dfl_app4FVgPvXT7Umwa,App4,4,appOwner4,/t/foo.com/studentManager/1.0.0,StudentManager,1.0.0,/StudentManager/students/marks/2,/StudentManager/students/marks/{id},GET,creator3,foo.com,Bronze,10.100.12.106,Paul,carbon.super,10.100.0.22,Mozilla/5.0 (Windows NT 6.1; Win64; x64; rv:47.0) Gecko/20100101 Firefox/47.0,1533036600130,false,134,14,0,false,0,https-8243,200,http://ws.cdyne.com/phoneverify/phoneverify.asmx,93,99,14,3,94,15,gateType,label
1234,vkUIUJ5Dfl_app4FVgPvXT7Umwa,App4,4,appOwner4,/t/foo.com/studentManager/1.0.0,StudentManager,1.0.0,/StudentManager/students/new,/StudentManager/students/new,GET,creator3,foo.com,Bronze,10.100.12.106,Paul,carbon.super,10.100.0.22,Mozilla/5.0 (Windows NT 6.1; Win64; x64; rv:47.0) Gecko/20100101 Firefox/47.0,1533036600131,false,139,16,0,false,0,https-8243,200,http://ws.cdyne.com/phoneverify/phoneverify.asmx,83,90,16,1,84,17,gateType,label
1239,vkUIUJ5Dfl_defaultFVgPvXT7Umwa,DefaultApplication,1,apicreator,/phoneverify/2.0.0,PhoneVerification,2.0.0,/CheckPhoneNumber?PhoneNumber=6757658765&LicenseKey=0,CheckPhoneNumber,GET,apicreator,carbon.super,Bronze,10.100.0.106,John,carbon.super,10.100.0.18,Mozilla/5.0 (X11; Linux x86_64) AppleWebKit/537.36 (KHTML like Gecko) Chrome/67.0.3396.87 Safari/537.36,1533036600132,false,134,19,0,false,8,https-8235,208,http://ws.cdyne.com/phoneverify/phoneverify.asmx,91,95,19,4,92,20,gateType,label
1240,vkUIUJ5Dfl_defaultFVgPvXT7Umwa,DefaultApplication,1,apicreator,/phoneverify/2.0.0,PhoneVerification,2.0.0,/CheckPhoneNumber?PhoneNumber=6757658765&LicenseKey=0,CheckPhoneNumber,GET,apicreator,carbon.super,Bronze,10.100.0.106,John,carbon.super,10.100.0.18,Mozilla/5.0 (X11; Linux x86_64) AppleWebKit/537.36 (KHTML like Gecko) Chrome/67.0.3396.87 Safari/537.36,1533036600133,false,139,24,0,false,9,https-8234,209,http://ws.cdyne.com/phoneverify/phoneverify.asmx,92,94,24,2,93,25,gateType,label
1241,vkUIUJ5Dfl_nAT8kFVgPvXT7Umwa,Application2,2,owner1,/pizzashack/1.0.0,PizzaShack,1.0.0,/PizzaShack/order/{18},/PizzaShack/order/{id],POST,creator2,carbon.super,Bronze,10.100.0.107,Ann,carbon.super,10.100.15.13,Mozilla/5.0 (compatible; MSIE 9.0; Windows Phone OS 7.5; Trident/5.0; IEMobile/9.0),1533036600134,false,156,30,0,false,10,https-8233,210,http://ws.cdyne.com/phoneverify/phoneverify.asmx,88,94,30,5,89,31,gateType,label
1242,vkUIUJ5Dfl_nAT8kFVgPvXT7Umwa,Application2,2,owner1,/pizzashack/1.0.0,PizzaShack,1.0.0,/PizzaShack/menu,/PizzaShack/menu,GET,creator2,carbon.super,Bronze,10.100.0.107,Ann,carbon.super,10.100.15.13,Mozilla/5.0 (compatible; MSIE 9.0; Windows Phone OS 7.5; Trident/5.0; IEMobile/9.0),1533036600135,false,167,15,0,false,11,https-8232,211,http://ws.cdyne.com/phoneverify/phoneverify.asmx,89,96,15,6,90,16,gateType,label
1243,vkUIUJ5Dfl_defaultFVgPvXT7Umwa,DefaultApplication,1,owner1,/phoneverify/2.0.0,PhoneVerification,2.0.0,/CheckPhoneNumber?PhoneNumber=6757658765&LicenseKey=0,CheckPhoneNumber,GET,apicreator,carbon.super,Bronze,10.100.0.106,John,carbon.super,10.100.0.18,Mozilla/5.0 (X11; Linux x86_64) AppleWebKit/537.36 (KHTML like Gecko) Chrome/67.0.3396.87 Safari/537.36,1533036600136,false,168,17,0,false,12,https-8231,212,http://ws.cdyne.com/phoneverify/phoneverify.asmx,90,94,17,3,91,18,gateType,label
1234,vkUIUJ5Dfl_app4FVgPvXT7Umwa,App4,4,appOwner4,/t/foo.com/studentManager/1.0.0,StudentManager,1.0.0,/StudentManager/students/marks/2,/StudentManager/students/marks/{id},GET,creator3,foo.com,Bronze,10.100.12.106,Paul,carbon.super,10.100.0.22,Mozilla/5.0 (Windows NT 6.1; Win64; x64; rv:47.0) Gecko/20100101 Firefox/47.0,1533036600137,false,145,20,0,false,0,https-8243,200,http://ws.cdyne.com/phoneverify/phoneverify.asmx,101,103,20,4,102,21,gateType,label
1234,vkUIUJ5Dfl_app4FVgPvXT7Umwa,App4,4,appOwner4,/t/foo.com/studentManager/1.0.0,StudentManager,1.0.0,/StudentManager/students/marks/2,/StudentManager/students/marks/{id},GET,creator3,foo.com,Bronze,10.100.12.106,Paul,carbon.super,10.100.0.22,Mozilla/5.0 (Windows NT 6.1; Win64; x64; rv:47.0) Gecko/20100101 Firefox/47.0,1533036600138,false,254,25,0,false,0,https-8243,200,http://ws.cdyne.com/phoneverify/phoneverify.asmx,102,108,25,6,103,26,gateType,label
1244,vkUIUJ5Dfl_defaultFVgPvXT7Umwa,DefaultApplication,1,apicreator,/phoneverify/2.0.0,PhoneVerification,2.0.0,/CheckPhoneNumber?PhoneNumber=6757658765&LicenseKey=0,CheckPhoneNumber,GET,apicreator,carbon.super,Bronze,10.100.0.106,John,carbon.super,10.100.0.18,Mozilla/5.0 (X11; Linux x86_64) AppleWebKit/537.36 (KHTML; like Gecko) Chrome/67.0.3396.87 Safari/537.36,1533036600139,false,235,31,0,false,13,https-8230,213,http://ws.cdyne.com/phoneverify/phoneverify.asmx,84,91,31,2,85,32,gateType,label
1245,vkUIUJ5Dfl_nAT8kFVgPvXT7Umwa,Application2,2,owner1,/pizzashack/1.0.0,PizzaShack,1.0.0,/PizzaShack/order/{9},/PizzaShack/order/{id],POST,creator2,carbon.super,Bronze,10.100.0.107,Ann,carbon.super,10.100.15.13,Mozilla/5.0 (compatible; MSIE 9.0; Windows Phone OS 7.5; Trident/5.0; IEMobile/9.0),1533036600140,false,187,14,0,false,14,https-8229,214,http://ws.cdyne.com/phoneverify/phoneverify.asmx,85,89,14,6,86,15,gateType,label
1246,vkUIUJ5Dfl_nAT8kFVgPvXT7Umwa,Application2,2,owner1,/pizzashack/1.0.0,PizzaShack,1.0.0,/PizzaShack/menu,/PizzaShack/menu,GET,creator2,carbon.super,Bronze,10.100.0.107,Ann,carbon.super,10.100.15.13,Mozilla/5.0 (compatible; MSIE 9.0; Windows Phone OS 7.5; Trident/5.0; IEMobile/9.0),1533036600141,false,218,17,0,false,15,https-8228,215,http://ws.cdyne.com/phoneverify/phoneverify.asmx,86,88,17,8,87,18,gateType,label
1247,vkUIUJ5Dfl_nAT8kFVgPvXT7Umwa,Application2,2,owner1,/pizzashack/1.0.0,PizzaShack,1.0.0,/PizzaShack/menu,/PizzaShack/menu,GET,creator2,carbon.super,Bronze,10.100.0.107,Ann,carbon.super,10.100.15.13,Mozilla/5.0 (compatible; MSIE 9.0; Windows Phone OS 7.5; Trident/5.0; IEMobile/9.0),1533036600142,false,216,22,0,false,16,https-8227,216,http://ws.cdyne.com/phoneverify/phoneverify.asmx,87,93,22,3,88,23,gateType,label
1248,vkUIUJ5Dfl_defaultFVgPvXT7Umwa,DefaultApplication,1,apicreator,/phoneverify/2.0.0,PhoneVerification,2.0.0,/CheckPhoneNumber?PhoneNumber=6757658765&LicenseKey=0,CheckPhoneNumber,GET,apicreator,carbon.super,Bronze,10.100.0.106,John,carbon.super,10.100.0.18,Mozilla/5.0 (X11; Linux x86_64) AppleWebKit/537.36 (KHTML like Gecko) Chrome/67.0.3396.87 Safari/537.36,1533036600143,false,143,23,0,false,17,https-8226,217,http://ws.cdyne.com/phoneverify/phoneverify.asmx,88,95,23,4,89,24,gateType,label
1249,vkUIUJ5Dfl_defaultFVgPvXT7Umwa,DefaultApplication,1,apicreator,/phoneverify/2.0.0,PhoneVerification,2.0.0,/CheckPhoneNumber?PhoneNumber=6757658765&LicenseKey=0,CheckPhoneNumber,GET,apicreator,carbon.super,Bronze,10.100.0.106,John,carbon.super,10.100.0.18,Mozilla/5.0 (X11; Linux x86_64) AppleWebKit/537.36 (KHTML like Gecko) Chrome/67.0.3396.87 Safari/537.36,1533036600144,false,198,13,0,false,18,https-8225,218,http://ws.cdyne.com/phoneverify/phoneverify.asmx,89,93,13,7,90,14,gateType,label
1250,vkUIUJ5Dfl_defaultFVgPvXT7Umwa,DefaultApplication,1,apicreator,/phoneverify/2.0.0,PhoneVerification,2.0.0,/CheckPhoneNumber?PhoneNumber=6757658765&LicenseKey=0,CheckPhoneNumber,GET,apicreator,carbon.super,Bronze,10.100.0.106,John,carbon.super,10.100.0.18,Mozilla/5.0 (X11; Linux x86_64) AppleWebKit/537.36 (KHTML like Gecko) Chrome/67.0.3396.87 Safari/537.36,1533036600145,false,188,15,0,false,19,https-8224,219,http://ws.cdyne.com/phoneverify/phoneverify.asmx,90,92,15,10,91,16,gateType,label
1251,vkUIUJ5Dfl_nAT8kFVgPvXT7Umwa,Application2,2,owner1,/pizzashack/1.0.0,PizzaShack,1.0.0,/PizzaShack/order/{5},/PizzaShack/order/{id],POST,creator2,carbon.super,Bronze,10.100.0.107,Ann,carbon.super,10.100.15.13,Mozilla/5.0 (compatible; MSIE 9.0; Windows Phone OS 7.5; Trident/5.0; IEMobile/9.0),1533036610125,false,219,18,0,false,20,https-8223,220,http://ws.cdyne.com/phoneverify/phoneverify.asmx,91,95,18,4,92,19,gateType,label
1252,vkUIUJ5Dfl_nAT8kFVgPvXT7Umwa,Application2,2,owner1,/pizzashack/1.0.0,PizzaShack,1.0.0,/PizzaShack/menu,/PizzaShack/menu,GET,creator2,carbon.super,Bronze,10.100.0.107,Ann,carbon.super,10.100.15.13,Mozilla/5.0 (compatible; MSIE 9.0; Windows Phone OS 7.5; Trident/5.0; IEMobile/9.0),1533036610126,false,217,30,0,false,21,https-8222,221,http://ws.cdyne.com/phoneverify/phoneverify.asmx,92,94,30,2,93,31,gateType,label
1253,vkUIUJ5Dfl_nAT8kFVgPvXT7Umwa,Application2,2,owner1,/pizzashack/1.0.0,PizzaShack,1.0.0,/PizzaShack/order/{6},/PizzaShack/order/{id],POST,creator2,carbon.super,Bronze,10.100.0.107,Ann,carbon.super,10.100.15.13,Mozilla/5.0 (compatible; MSIE 9.0; Windows Phone OS 7.5; Trident/5.0; IEMobile/9.0),1533036610127,false,144,29,0,false,22,https-8221,222,http://ws.cdyne.com/phoneverify/phoneverify.asmx,93,99,29,5,94,30,gateType,label
1234,vkUIUJ5Dfl_app4FVgPvXT7Umwa,App4,4,appOwner4,/t/foo.com/studentManager/1.0.0,StudentManager,1.0.0,/StudentManager/students/register,/StudentManager/students/register,POST,creator3,foo.com,Bronze,10.100.12.106,Paul,carbon.super,10.100.0.22,Mozilla/5.0 (Windows NT 6.1; Win64; x64; rv:47.0) Gecko/20100101 Firefox/47.0,1533036610128,false,144,14,0,false,0,https-8243,200,http://ws.cdyne.com/phoneverify/phoneverify.asmx,102,109,14,3,103,15,gateType,label
1234,vkUIUJ5Dfl_app4FVgPvXT7Umwa,App4,4,appOwner4,/t/foo.com/studentManager/1.0.0,StudentManager,1.0.0,/StudentManager/students/marks/2,/StudentManager/students/marks/{id},GET,creator3,foo.com,Bronze,10.100.12.106,Paul,carbon.super,10.100.0.22,Mozilla/5.0 (Windows NT 6.1; Win64; x64; rv:47.0) Gecko/20100101 Firefox/47.0,1533036610129,false,199,13,0,false,0,https-8243,200,http://ws.cdyne.com/phoneverify/phoneverify.asmx,84,88,13,6,85,14,gateType,label
1234,vkUIUJ5Dfl_app4FVgPvXT7Umwa,App4,4,appOwner4,/t/foo.com/studentManager/1.0.0,StudentManager,1.0.0,/StudentManager/students/marks/2,/StudentManager/students/marks/{id},GET,creator3,foo.com,Bronze,10.100.12.106,Paul,carbon.super,10.100.0.22,Mozilla/5.0 (Windows NT 6.1; Win64; x64; rv:47.0) Gecko/20100101 Firefox/47.0,1533036610130,false,189,15,0,false,0,https-8243,200,http://ws.cdyne.com/phoneverify/phoneverify.asmx,85,87,15,7,86,16,gateType,label
1254,vkUIUJ5Dfl_defaultFVgPvXT7Umwa,DefaultApplication,1,apicreator,/phoneverify/2.0.0,PhoneVerification,2.0.0,/CheckPhoneNumber?PhoneNumber=6757658765&LicenseKey=0,CheckPhoneNumber,GET,apicreator,carbon.super,Bronze,10.100.0.106,John,carbon.super,10.100.0.18,Mozilla/5.0 (X11; Linux x86_64) AppleWebKit/537.36 (KHTML like Gecko) Chrome/67.0.3396.87 Safari/537.36,1533036610131,false,220,18,0,false,23,https-8220,223,http://ws.cdyne.com/phoneverify/phoneverify.asmx,93,99,18,4,94,19,gateType,label
1255,vkUIUJ5Dfl_defaultFVgPvXT7Umwa,DefaultApplication,1,apicreator,/phoneverify/2.0.0,PhoneVerification,2.0.0,/CheckPhoneNumber?PhoneNumber=6757658765&LicenseKey=0,CheckPhoneNumber,GET,apicreator,carbon.super,Bronze,10.100.0.106,John,carbon.super,10.100.0.18,Mozilla/5.0 (X11; Linux x86_64) AppleWebKit/537.36 (KHTML like Gecko) Chrome/67.0.3396.87 Safari/537.36,1533036610132,false,218,23,0,false,24,https-8219,224,http://ws.cdyne.com/phoneverify/phoneverify.asmx,89,96,23,5,90,24,gateType,label
1234,vkUIUJ5Dfl_defaultFVgPvXT7Umwa,DefaultApplication,1,apicreator,/phoneverify/1.0.0,PhoneVerification,1.0.0,/PhoneNumbers/list,/PhoneNumbers/list,GET,apicreator,carbon.super,Bronze,10.100.0.106,John,carbon.super,10.100.0.18,Mozilla/5.0 (X11; Linux x86_64) AppleWebKit/537.36 (KHTML like Gecko) Chrome/67.0.3396.87 Safari/537.36,1533036610133,false,145,29,0,false,0,https-8243,200,http://ws.cdyne.com/phoneverify/phoneverify.asmx,90,94,29,7,91,30,gateType,label
1234,vkUIUJ5Dfl_defaultFVgPvXT7Umwa,DefaultApplication,1,apicreator,/phoneverify/1.0.0,PhoneVerification,1.0.0,/CheckPhoneNumber?PhoneNumber=6757658765&LicenseKey=0,CheckPhoneNumber,GET,apicreator,carbon.super,Bronze,10.100.0.106,John,carbon.super,10.100.0.18,Mozilla/5.0 (X11; Linux x86_64) AppleWebKit/537.36 (KHTML like Gecko) Chrome/67.0.3396.87 Safari/537.36,1533036610134,false,145,14,0,false,0,https-8243,200,http://ws.cdyne.com/phoneverify/phoneverify.asmx,84,88,13,3,85,14,gateType,label
1235,vkUIUJ5Dfl_nAT8kFVgPvXT7Umwa,Application2,2,owner1,/pizzashack/1.0.0,PizzaShack,1.0.0,/PizzaShack/menu,/PizzaShack/menu,GET,creator2,carbon.super,Bronze,10.100.0.107,Ann,carbon.super,10.100.15.13,Mozilla/5.0 (compatible; MSIE 9.0; Windows Phone OS 7.5; Trident/5.0; IEMobile/9.0),1533036610135,false,200,16,0,false,4,https-8239,204,http://ws.cdyne.com/phoneverify/phoneverify.asmx,85,87,15,4,86,16,gateType,label
1236,vkUIUJ5Dfl_nAT8kFVgPvXT7Umwa,Application2,2,owner1,/pizzashack/1.0.0,PizzaShack,1.0.0,/PizzaShack/order/{2},/PizzaShack/order/{id],POST,creator2,carbon.super,Bronze,10.100.0.107,Ann,carbon.super,10.100.15.13,Mozilla/5.0 (compatible; MSIE 9.0; Windows Phone OS 7.5; Trident/5.0; IEMobile/9.0),1533036610136,false,190,19,0,false,5,https-8238,205,http://ws.cdyne.com/phoneverify/phoneverify.asmx,86,92,18,6,87,19,gateType,label
1237,vkUIUJ5Dfl_nAT8kFVgPvXT7Umwa,Application2,2,owner1,/pizzashack/1.0.0,PizzaShack,1.0.0,/PizzaShack/menu,/PizzaShack/menu,GET,creator2,carbon.super,Bronze,10.100.0.107,Ann,carbon.super,10.100.15.13,Mozilla/5.0 (compatible; MSIE 9.0; Windows Phone OS 7.5; Trident/5.0; IEMobile/9.0),1533036610137,false,265,24,0,false,6,https-8237,206,http://ws.cdyne.com/phoneverify/phoneverify.asmx,87,94,23,2,88,24,gateType,label
1234,vkUIUJ5Dfl_defaultFVgPvXT7Umwa,DefaultApplication,1,apicreator,/phoneverify/1.0.0,PhoneVerification,1.0.0,/PhoneNumbers/3,/PhoneNumbers/{id},GET,apicreator,carbon.super,Bronze,10.100.0.106,John,carbon.super,10.100.0.18,Mozilla/5.0 (X11; Linux x86_64) AppleWebKit/537.36 (KHTML like Gecko) Chrome/67.0.3396.87 Safari/537.36,1533036610138,false,287,30,0,false,0,https-8243,200,http://ws.cdyne.com/phoneverify/phoneverify.asmx,88,92,29,6,89,30,gateType,label
1234,vkUIUJ5Dfl_app4FVgPvXT7Umwa,App4,4,appOwner4,/t/foo.com/studentManager/1.0.0,StudentManager,1.0.0,/StudentManager/list,/PhoneNumbers/list,GET,creator3,foo.com,Bronze,10.100.12.106,Paul,carbon.super,10.100.0.22,Mozilla/5.0 (Windows NT 6.1; Win64; x64; rv:47.0) Gecko/20100101 Firefox/47.0,1533036610139,false,243,15,0,false,0,https-8243,200,http://ws.cdyne.com/phoneverify/phoneverify.asmx,89,91,14,8,90,15,gateType,label
1234,vkUIUJ5Dfl_app4FVgPvXT7Umwa,App4,4,appOwner4,/t/foo.com/studentManager/1.0.0,StudentManager,1.0.0,/StudentManager/students/marks/2,/StudentManager/students/marks/{id},GET,creator3,foo.com,Bronze,10.100.12.106,Paul,carbon.super,10.100.0.22,Mozilla/5.0 (Windows NT 6.1; Win64; x64; rv:47.0) Gecko/20100101 Firefox/47.0,1533036610140,false,219,17,0,false,0,https-8243,200,http://ws.cdyne.com/phoneverify/phoneverify.asmx,90,96,16,3,91,17,gateType,label
1234,vkUIUJ5Dfl_defaultFVgPvXT7Umwa,DefaultApplication,1,apicreator,/phoneverify/1.0.0,PhoneVerification,1.0.0,/PhoneNumbers/update/3,/PhoneNumbers/update/{id},POST,apicreator,carbon.super,Bronze,10.100.0.106,John,carbon.super,10.100.0.18,Mozilla/5.0 (X11; Linux x86_64) AppleWebKit/537.36 (KHTML like Gecko) Chrome/67.0.3396.87 Safari/537.36,1533036610141,false,217,20,0,false,0,https-8243,200,http://ws.cdyne.com/phoneverify/phoneverify.asmx,91,98,19,4,92,20,gateType,label
1234,vkUIUJ5Dfl_defaultFVgPvXT7Umwa,DefaultApplication,1,apicreator,/phoneverify/1.0.0,PhoneVerification,1.0.0,/PhoneNumbers/list,/PhoneNumbers/list,GET,apicreator,carbon.super,Bronze,10.100.0.106,John,carbon.super,10.100.0.18,Mozilla/5.0 (X11; Linux x86_64) AppleWebKit/537.36 (KHTML like Gecko) Chrome/67.0.3396.87 Safari/537.36,1533036610142,false,141,25,0,false,0,https-8243,200,http://ws.cdyne.com/phoneverify/phoneverify.asmx,92,96,24,7,93,25,gateType,label
1234,vkUIUJ5Dfl_defaultFVgPvXT7Umwa,DefaultApplication,1,apicreator,/phoneverify/1.0.0,PhoneVerification,1.0.0,/CheckPhoneNumber?PhoneNumber=6757658765&LicenseKey=0,CheckPhoneNumber,GET,apicreator,carbon.super,Bronze,10.100.0.106,John,carbon.super,10.100.0.18,Mozilla/5.0 (X11; Linux x86_64) AppleWebKit/537.36 (KHTML like Gecko) Chrome/67.0.3396.87 Safari/537.36,1533036610143,false,144,31,0,false,0,https-8243,200,http://ws.cdyne.com/phoneverify/phoneverify.asmx,93,95,30,10,94,31,gateType,label
1234,vkUIUJ5Dfl_defaultFVgPvXT7Umwa,DefaultApplication,1,apicreator,/phoneverify/1.0.0,PhoneVerification,1.0.0,/PhoneNumbers/3,/PhoneNumbers/{id},GET,apicreator,carbon.super,Bronze,10.100.0.106,John,carbon.super,10.100.0.18,Mozilla/5.0 (X11; Linux x86_64) AppleWebKit/537.36 (KHTML like Gecko) Chrome/67.0.3396.87 Safari/537.36,1533036610144,false,199,16,0,false,0,https-8243,200,http://ws.cdyne.com/phoneverify/phoneverify.asmx,94,100,15,4,95,16,gateType,label
1234,vkUIUJ5Dfl_defaultFVgPvXT7Umwa,DefaultApplication,1,apicreator,/phoneverify/1.0.0,PhoneVerification,1.0.0,/PhoneNumbers/update/3,/PhoneNumbers/update/{id},POST,apicreator,carbon.super,Bronze,10.100.0.106,John,carbon.super,10.100.0.18,Mozilla/5.0 (X11; Linux x86_64) AppleWebKit/537.36 (KHTML like Gecko) Chrome/67.0.3396.87 Safari/537.36,1533036610145,false,189,18,0,false,0,https-8243,200,http://ws.cdyne.com/phoneverify/phoneverify.asmx,84,91,17,2,85,18,gateType,label
1234,vkUIUJ5Dfl_defaultFVgPvXT7Umwa,DefaultApplication,1,apicreator,/phoneverify/1.0.0,PhoneVerification,1.0.0,/CheckPhoneNumber?PhoneNumber=6757658765&LicenseKey=0,CheckPhoneNumber,GET,apicreator,carbon.super,Bronze,10.100.0.106,John,carbon.super,10.100.0.18,Mozilla/5.0 (X11; Linux x86_64) AppleWebKit/537.36 (KHTML like Gecko) Chrome/67.0.3396.87 Safari/537.36,1533036620125,false,220,21,0,false,0,https-8243,200,http://ws.cdyne.com/phoneverify/phoneverify.asmx,92,96,20,5,93,21,gateType,label
1234,vkUIUJ5Dfl_defaultFVgPvXT7Umwa,DefaultApplication,1,apicreator,/phoneverify/1.0.0,PhoneVerification,1.0.0,/PhoneNumbers/update/4,/PhoneNumbers/update/{id},POST,apicreator,carbon.super,Bronze,10.100.0.106,John,carbon.super,10.100.0.18,Mozilla/5.0 (X11; Linux x86_64) AppleWebKit/537.36 (KHTML like Gecko) Chrome/67.0.3396.87 Safari/537.36,1533036620126,false,218,26,0,false,0,https-8243,200,http://ws.cdyne.com/phoneverify/phoneverify.asmx,93,95,25,3,94,26,gateType,label
1234,vkUIUJ5Dfl_app4FVgPvXT7Umwa,App4,4,appOwner4,/t/foo.com/studentManager/1.0.0,StudentManager,1.0.0,/StudentManager/students/new,/StudentManager/students/new,GET,creator3,foo.com,Bronze,10.100.12.106,Paul,carbon.super,10.100.0.22,Mozilla/5.0 (Windows NT 6.1; Win64; x64; rv:47.0) Gecko/20100101 Firefox/47.0,1533036620127,false,145,32,0,false,0,https-8243,200,http://ws.cdyne.com/phoneverify/phoneverify.asmx,89,95,31,6,90,32,gateType,label
1234,vkUIUJ5Dfl_defaultFVgPvXT7Umwa,DefaultApplication,1,apicreator,/phoneverify/1.0.0,PhoneVerification,1.0.0,/CheckPhoneNumber?PhoneNumber=6757658765&LicenseKey=0,CheckPhoneNumber,GET,apicreator,carbon.super,Bronze,10.100.0.106,John,carbon.super,10.100.0.18,Mozilla/5.0 (X11; Linux x86_64) AppleWebKit/537.36 (KHTML like Gecko) Chrome/67.0.3396.87 Safari/537.36,1533036620128,false,154,15,0,false,0,https-8243,200,http://ws.cdyne.com/phoneverify/phoneverify.asmx,90,97,16,7,91,17,gateType,label
1234,vkUIUJ5Dfl_defaultFVgPvXT7Umwa,DefaultApplication,1,apicreator,/phoneverify/1.0.0,PhoneVerification,1.0.0,/CheckPhoneNumber?PhoneNumber=6757658765&LicenseKey=0,CheckPhoneNumber,GET,apicreator,carbon.super,Bronze,10.100.0.106,John,carbon.super,10.100.0.18,Mozilla/5.0 (X11; Linux x86_64) AppleWebKit/537.36 (KHTML like Gecko) Chrome/67.0.3396.87 Safari/537.36,1533036620129,false,145,18,0,false,0,https-8243,200,http://ws.cdyne.com/phoneverify/phoneverify.asmx,91,95,18,4,92,19,gateType,label
1234,vkUIUJ5Dfl_defaultFVgPvXT7Umwa,DefaultApplication,1,apicreator,/phoneverify/1.0.0,PhoneVerification,1.0.0,/CheckPhoneNumber?PhoneNumber=6757658765&LicenseKey=0,CheckPhoneNumber,GET,apicreator,carbon.super,Bronze,10.100.0.106,John,carbon.super,10.100.0.18,Mozilla/5.0 (X11; Linux x86_64) AppleWebKit/537.36 (KHTML like Gecko) Chrome/67.0.3396.87 Safari/537.36,1533036620130,false,200,23,0,false,0,https-8243,200,http://ws.cdyne.com/phoneverify/phoneverify.asmx,102,104,21,5,103,22,gateType,label
1234,vkUIUJ5Dfl_defaultFVgPvXT7Umwa,DefaultApplication,1,apicreator,/phoneverify/1.0.0,PhoneVerification,1.0.0,/CheckPhoneNumber?PhoneNumber=6757658765&LicenseKey=0,CheckPhoneNumber,GET,apicreator,carbon.super,Bronze,10.100.0.106,John,carbon.super,10.100.0.18,Mozilla/5.0 (X11; Linux x86_64) AppleWebKit/537.36 (KHTML like Gecko) Chrome/67.0.3396.87 Safari/537.36,1533036620131,false,190,24,0,false,0,https-8243,200,http://ws.cdyne.com/phoneverify/phoneverify.asmx,103,109,26,7,104,27,gateType,label
1234,vkUIUJ5Dfl_defaultFVgPvXT7Umwa,DefaultApplication,1,apicreator,/phoneverify/1.0.0,PhoneVerification,1.0.0,/PhoneNumbers/list,/PhoneNumbers/list,GET,apicreator,carbon.super,Bronze,10.100.0.106,John,carbon.super,10.100.0.18,Mozilla/5.0 (X11; Linux x86_64) AppleWebKit/537.36 (KHTML like Gecko) Chrome/67.0.3396.87 Safari/537.36,1533036620132,false,221,14,0,false,0,https-8243,200,http://ws.cdyne.com/phoneverify/phoneverify.asmx,85,92,32,3,86,33,gateType,label
1234,vkUIUJ5Dfl_defaultFVgPvXT7Umwa,DefaultApplication,1,apicreator,/phoneverify/1.0.0,PhoneVerification,1.0.0,/CheckPhoneNumber?PhoneNumber=6757658765&LicenseKey=0,CheckPhoneNumber,GET,apicreator,carbon.super,Bronze,10.100.0.106,John,carbon.super,10.100.0.18,Mozilla/5.0 (X11; Linux x86_64) AppleWebKit/537.36 (KHTML like Gecko) Chrome/67.0.3396.87 Safari/537.36,1533036620133,false,219,16,0,false,0,https-8243,200,http://ws.cdyne.com/phoneverify/phoneverify.asmx,86,90,15,7,87,16,gateType,label
1234,vkUIUJ5Dfl_App3FVgPvXT7Umwa,App3,3,appOwner3,/phoneverify/1.0.0,PhoneVerification,1.0.0,/PhoneNumbers/list,/PhoneNumbers/list,GET,apicreator,carbon.super,Bronze,10.100.0.106,Bob,carbon.super,10.100.1.32,Mozilla/5.0 (Linux; Android 7.1.1; Nexus 5X Build/N4F26T) AppleWebKit/537.36 (KHTML; like Gecko) Chrome/62.0.3202.73 Mobile Safari/537.36,1533036620134,false,146,19,0,false,0,https-8243,200,http://ws.cdyne.com/phoneverify/phoneverify.asmx,87,89,18,9,88,19,gateType,label
1234,vkUIUJ5Dfl_App3FVgPvXT7Umwa,App3,3,appOwner3,/phoneverify/1.0.0,PhoneVerification,1.0.0,/PhoneNumbers/list,/PhoneNumbers/list,GET,apicreator,carbon.super,Bronze,10.100.0.106,Bob,carbon.super,10.100.1.32,Mozilla/5.0 (Linux; Android 7.1.1; Nexus 5X Build/N4F26T) AppleWebKit/537.36 (KHTML; like Gecko) Chrome/62.0.3202.73 Mobile Safari/537.36,1533036620135,false,166,31,0,false,0,https-8243,200,http://ws.cdyne.com/phoneverify/phoneverify.asmx,88,94,23,4,89,24,gateType,label
1234,vkUIUJ5Dfl_defaultFVgPvXT7Umwa,DefaultApplication,1,apicreator,/phoneverify/1.0.0,PhoneVerification,1.0.0,/CheckPhoneNumber?PhoneNumber=6757658765&LicenseKey=0,CheckPhoneNumber,GET,apicreator,carbon.super,Bronze,10.100.0.106,John,carbon.super,10.100.0.18,Mozilla/5.0 (X11; Linux x86_64) AppleWebKit/537.36 (KHTML like Gecko) Chrome/67.0.3396.87 Safari/537.36,1533036620136,false,219,30,0,false,0,https-8243,200,http://ws.cdyne.com/phoneverify/phoneverify.asmx,89,96,24,5,90,25,gateType,label
1234,vkUIUJ5Dfl_defaultFVgPvXT7Umwa,DefaultApplication,1,apicreator,/phoneverify/1.0.0,PhoneVerification,1.0.0,/PhoneNumbers/update/4,/PhoneNumbers/update/{id},POST,apicreator,carbon.super,Bronze,10.100.0.106,John,carbon.super,10.100.0.18,Mozilla/5.0 (X11; Linux x86_64) AppleWebKit/537.36 (KHTML like Gecko) Chrome/67.0.3396.87 Safari/537.36,1533036620137,false,217,15,0,false,0,https-8243,200,http://ws.cdyne.com/phoneverify/phoneverify.asmx,90,94,14,8,91,15,gateType,label
1234,vkUIUJ5Dfl_defaultFVgPvXT7Umwa,DefaultApplication,1,apicreator,/phoneverify/1.0.0,PhoneVerification,1.0.0,/CheckPhoneNumber?PhoneNumber=6757658765&LicenseKey=0,CheckPhoneNumber,GET,apicreator,carbon.super,Bronze,10.100.0.106,John,carbon.super,10.100.0.18,Mozilla/5.0 (X11; Linux x86_64) AppleWebKit/537.36 (KHTML like Gecko) Chrome/67.0.3396.87 Safari/537.36,1533036620138,false,144,14,0,false,0,https-8243,200,http://ws.cdyne.com/phoneverify/phoneverify.asmx,91,93,16,11,92,17,gateType,label
1234,vkUIUJ5Dfl_defaultFVgPvXT7Umwa,DefaultApplication,1,apicreator,/phoneverify/1.0.0,PhoneVerification,1.0.0,/CheckPhoneNumber?PhoneNumber=6757658765&LicenseKey=0,CheckPhoneNumber,GET,apicreator,carbon.super,Bronze,10.100.0.106,John,carbon.super,10.100.0.18,Mozilla/5.0 (X11; Linux x86_64) AppleWebKit/537.36 (KHTML like Gecko) Chrome/67.0.3396.87 Safari/537.36,1533036620139,false,164,16,0,false,0,https-8243,200,http://ws.cdyne.com/phoneverify/phoneverify.asmx,92,96,19,5,93,20,gateType,label
1234,vkUIUJ5Dfl_defaultFVgPvXT7Umwa,DefaultApplication,1,apicreator,/phoneverify/1.0.0,PhoneVerification,1.0.0,/CheckPhoneNumber?PhoneNumber=6757658765&LicenseKey=0,CheckPhoneNumber,GET,apicreator,carbon.super,Bronze,10.100.0.106,John,carbon.super,10.100.0.18,Mozilla/5.0 (X11; Linux x86_64) AppleWebKit/537.36 (KHTML like Gecko) Chrome/67.0.3396.87 Safari/537.36,1533036620140,false,153,32,0,false,0,https-8243,200,http://ws.cdyne.com/phoneverify/phoneverify.asmx,93,95,31,3,94,32,gateType,label
1234,vkUIUJ5Dfl_app4FVgPvXT7Umwa,App4,4,appOwner4,/t/foo.com/studentManager/1.0.0,StudentManager,1.0.0,/StudentManager/students/marks/2,/StudentManager/students/marks/{id},GET,creator3,foo.com,Bronze,10.100.12.106,Paul,carbon.super,10.100.0.22,Mozilla/5.0 (Windows NT 6.1; Win64; x64; rv:47.0) Gecko/20100101 Firefox/47.0,1533036620141,false,144,15,0,false,0,https-8243,200,http://ws.cdyne.com/phoneverify/phoneverify.asmx,94,100,30,6,95,31,gateType,label
1234,vkUIUJ5Dfl_app4FVgPvXT7Umwa,App4,4,appOwner4,/t/foo.com/studentManager/1.0.0,StudentManager,1.0.0,/StudentManager/students/new,/StudentManager/students/new,GET,creator3,foo.com,Bronze,10.100.12.106,Paul,carbon.super,10.100.0.22,Mozilla/5.0 (Windows NT 6.1; Win64; x64; rv:47.0) Gecko/20100101 Firefox/47.0,1533036620142,false,199,18,0,false,0,https-8243,200,http://ws.cdyne.com/phoneverify/phoneverify.asmx,103,110,15,4,104,16,gateType,label
1234,vkUIUJ5Dfl_app4FVgPvXT7Umwa,App4,4,appOwner4,/t/foo.com/studentManager/1.0.0,StudentManager,1.0.0,/StudentManager/students/register,/StudentManager/students/register,POST,creator3,foo.com,Bronze,10.100.12.106,Paul,carbon.super,10.100.0.22,Mozilla/5.0 (Windows NT 6.1; Win64; x64; rv:47.0) Gecko/20100101 Firefox/47.0,1533036620143,false,189,23,0,false,0,https-8243,200,http://ws.cdyne.com/phoneverify/phoneverify.asmx,85,89,14,7,86,15,gateType,label
1234,vkUIUJ5Dfl_app4FVgPvXT7Umwa,App4,4,appOwner4,/t/foo.com/studentManager/1.0.0,StudentManager,1.0.0,/StudentManager/students/marks/2,/StudentManager/students/marks/{id},GET,creator3,foo.com,Bronze,10.100.12.106,Paul,carbon.super,10.100.0.22,Mozilla/5.0 (Windows NT 6.1; Win64; x64; rv:47.0) Gecko/20100101 Firefox/47.0,1533036620144,false,220,24,0,false,0,https-8243,200,http://ws.cdyne.com/phoneverify/phoneverify.asmx,86,88,16,8,87,17,gateType,label
1234,vkUIUJ5Dfl_app4FVgPvXT7Umwa,App4,4,appOwner4,/t/foo.com/studentManager/1.0.0,StudentManager,1.0.0,/StudentManager/list,/PhoneNumbers/list,GET,creator3,foo.com,Bronze,10.100.12.106,Paul,carbon.super,10.100.0.22,Mozilla/5.0 (Windows NT 6.1; Win64; x64; rv:47.0) Gecko/20100101 Firefox/47.0,1533036620145,false,218,14,0,false,0,https-8243,200,http://ws.cdyne.com/phoneverify/phoneverify.asmx,94,100,19,5,95,20,gateType,label
1234,vkUIUJ5Dfl_defaultFVgPvXT7Umwa,DefaultApplication,1,apicreator,/phoneverify/1.0.0,PhoneVerification,1.0.0,/CheckPhoneNumber?PhoneNumber=6757658765&LicenseKey=0,CheckPhoneNumber,GET,apicreator,carbon.super,Bronze,10.100.0.106,John,carbon.super,10.100.0.18,Mozilla/5.0 (X11; Linux x86_64) AppleWebKit/537.36 (KHTML like Gecko) Chrome/67.0.3396.87 Safari/537.36,1533036640125,false,145,15,0,false,0,https-8243,200,http://ws.cdyne.com/phoneverify/phoneverify.asmx,90,97,24,6,91,25,gateType,label
1234,vkUIUJ5Dfl_defaultFVgPvXT7Umwa,DefaultApplication,1,apicreator,/phoneverify/1.0.0,PhoneVerification,1.0.0,/PhoneNumbers/list,/PhoneNumbers/list,GET,apicreator,carbon.super,Bronze,10.100.0.106,John,carbon.super,10.100.0.18,Mozilla/5.0 (X11; Linux x86_64) AppleWebKit/537.36 (KHTML like Gecko) Chrome/67.0.3396.87 Safari/537.36,1533036640126,false,165,14,0,false,0,https-8243,200,http://ws.cdyne.com/phoneverify/phoneverify.asmx,91,95,30,8,92,31,gateType,label
1234,vkUIUJ5Dfl_defaultFVgPvXT7Umwa,DefaultApplication,1,apicreator,/phoneverify/1.0.0,PhoneVerification,1.0.0,/CheckPhoneNumber?PhoneNumber=6757658765&LicenseKey=0,CheckPhoneNumber,GET,apicreator,carbon.super,Bronze,10.100.0.106,John,carbon.super,10.100.0.18,Mozilla/5.0 (X11; Linux x86_64) AppleWebKit/537.36 (KHTML like Gecko) Chrome/67.0.3396.87 Safari/537.36,1533036640127,false,154,16,0,false,0,https-8243,200,http://ws.cdyne.com/phoneverify/phoneverify.asmx,85,89,14,4,86,15,gateType,label
1234,vkUIUJ5Dfl_defaultFVgPvXT7Umwa,DefaultApplication,1,apicreator,/phoneverify/1.0.0,PhoneVerification,1.0.0,/PhoneNumbers/4,/PhoneNumbers/{id},GET,apicreator,carbon.super,Bronze,10.100.0.106,John,carbon.super,10.100.0.18,Mozilla/5.0 (X11; Linux x86_64) AppleWebKit/537.36 (KHTML like Gecko) Chrome/67.0.3396.87 Safari/537.36,1533036640128,false,145,32,0,false,0,https-8243,200,http://ws.cdyne.com/phoneverify/phoneverify.asmx,86,88,16,5,87,17,gateType,label
1234,vkUIUJ5Dfl_App3FVgPvXT7Umwa,App3,3,appOwner3,/phoneverify/1.0.0,PhoneVerification,1.0.0,/PhoneNumbers/list,/PhoneNumbers/list,GET,apicreator,carbon.super,Bronze,10.100.0.106,Bob,carbon.super,10.100.1.32,Mozilla/5.0 (X11; Linux x86_64) AppleWebKit/537.36 (KHTML like Gecko) Chrome/67.0.3396.87 Safari/537.36,1533036640129,false,200,17,0,false,0,https-8243,200,http://ws.cdyne.com/phoneverify/phoneverify.asmx,87,93,19,7,88,20,gateType,label
1234,vkUIUJ5Dfl_defaultFVgPvXT7Umwa,DefaultApplication,1,apicreator,/phoneverify/1.0.0,PhoneVerification,1.0.0,/CheckPhoneNumber?PhoneNumber=6757658765&LicenseKey=0,CheckPhoneNumber,GET,apicreator,carbon.super,Bronze,10.100.0.106,John,carbon.super,10.100.0.18,Mozilla/5.0 (X11; Linux x86_64) AppleWebKit/537.36 (KHTML like Gecko) Chrome/67.0.3396.87 Safari/537.36,1533036640130,false,190,20,0,false,0,https-8243,200,http://ws.cdyne.com/phoneverify/phoneverify.asmx,88,95,24,3,89,25,gateType,label
1234,vkUIUJ5Dfl_defaultFVgPvXT7Umwa,DefaultApplication,1,apicreator,/phoneverify/1.0.0,PhoneVerification,1.0.0,/PhoneNumbers/update/4,/PhoneNumbers/update/{id},POST,apicreator,carbon.super,Bronze,10.100.0.106,John,carbon.super,10.100.0.18,Mozilla/5.0 (X11; Linux x86_64) AppleWebKit/537.36 (KHTML like Gecko) Chrome/67.0.3396.87 Safari/537.36,1533036640131,false,221,32,0,false,0,https-8243,200,http://ws.cdyne.com/phoneverify/phoneverify.asmx,89,93,30,7,90,31,gateType,label
1234,vkUIUJ5Dfl_App3FVgPvXT7Umwa,App3,3,appOwner3,/phoneverify/1.0.0,PhoneVerification,1.0.0,/PhoneNumbers/list,/PhoneNumbers/list,GET,apicreator,carbon.super,Bronze,10.100.0.106,Bob,carbon.super,10.100.1.32,Mozilla/5.0 (Linux; Android 7.1.1; Nexus 5X Build/N4F26T) AppleWebKit/537.36 (KHTML; like Gecko) Chrome/62.0.3202.73 Mobile Safari/537.36,1533036640132,false,219,31,0,false,0,https-8243,200,http://ws.cdyne.com/phoneverify/phoneverify.asmx,84,88,13,3,85,14,gateType,label
1234,vkUIUJ5Dfl_App3FVgPvXT7Umwa,App3,3,appOwner3,/phoneverify/1.0.0,PhoneVerification,1.0.0,/PhoneNumbers/list,/PhoneNumbers/list,GET,apicreator,carbon.super,Bronze,10.100.0.106,Bob,carbon.super,10.100.1.32,Mozilla/5.0 (Linux; Android 7.1.1; Nexus 5X Build/N4F26T) AppleWebKit/537.36 (KHTML; like Gecko) Chrome/62.0.3202.73 Mobile Safari/537.36,1533036640133,false,146,16,0,false,0,https-8243,200,http://ws.cdyne.com/phoneverify/phoneverify.asmx,85,87,15,4,86,16,gateType,label
1234,vkUIUJ5Dfl_App3FVgPvXT7Umwa,App3,3,appOwner3,/phoneverify/1.0.0,PhoneVerification,1.0.0,/PhoneNumbers/update/14,/PhoneNumbers/update/{id},POST,apicreator,carbon.super,Bronze,10.100.0.106,Bob,carbon.super,10.100.1.32,Mozilla/5.0 (Linux; Android 7.1.1; Nexus 5X Build/N4F26T) AppleWebKit/537.36 (KHTML; like Gecko) Chrome/62.0.3202.73 Mobile Safari/537.36,1533036640134,false,166,15,0,false,0,https-8243,200,http://ws.cdyne.com/phoneverify/phoneverify.asmx,86,92,18,6,87,19,gateType,label
1234,vkUIUJ5Dfl_defaultFVgPvXT7Umwa,DefaultApplication,1,apicreator,/phoneverify/1.0.0,PhoneVerification,1.0.0,/PhoneNumbers/list,/PhoneNumbers/list,GET,apicreator,carbon.super,Bronze,10.100.0.106,John,carbon.super,10.100.0.18,Mozilla/5.0 (X11; Linux x86_64) AppleWebKit/537.36 (KHTML like Gecko) Chrome/67.0.3396.87 Safari/537.36,1533036640135,false,245,17,0,false,0,https-8243,200,http://ws.cdyne.com/phoneverify/phoneverify.asmx,87,94,23,2,88,24,gateType,label
1234,vkUIUJ5Dfl_defaultFVgPvXT7Umwa,DefaultApplication,1,apicreator,/phoneverify/1.0.0,PhoneVerification,1.0.0,/PhoneNumbers/list,/PhoneNumbers/list,GET,apicreator,carbon.super,Bronze,10.100.0.106,John,carbon.super,10.100.0.18,Mozilla/5.0 (X11; Linux x86_64) AppleWebKit/537.36 (KHTML like Gecko) Chrome/67.0.3396.87 Safari/537.36,1533036640136,false,164,33,0,false,0,https-8243,200,http://ws.cdyne.com/phoneverify/phoneverify.asmx,88,92,29,6,89,30,gateType,label
1234,vkUIUJ5Dfl_defaultFVgPvXT7Umwa,DefaultApplication,1,apicreator,/phoneverify/1.0.0,PhoneVerification,1.0.0,/CheckPhoneNumber?PhoneNumber=6757658765&LicenseKey=0,CheckPhoneNumber,GET,apicreator,carbon.super,Bronze,10.100.0.106,John,carbon.super,10.100.0.18,Mozilla/5.0 (X11; Linux x86_64) AppleWebKit/537.36 (KHTML like Gecko) Chrome/67.0.3396.87 Safari/537.36,1533036640137,false,247,16,0,false,0,https-8243,200,http://ws.cdyne.com/phoneverify/phoneverify.asmx,89,91,14,8,90,15,gateType,label
1234,vkUIUJ5Dfl_defaultFVgPvXT7Umwa,DefaultApplication,1,apicreator,/phoneverify/1.0.0,PhoneVerification,1.0.0,/PhoneNumbers/10,/PhoneNumbers/{id},GET,apicreator,carbon.super,Bronze,10.100.0.106,John,carbon.super,10.100.0.18,Mozilla/5.0 (X11; Linux x86_64) AppleWebKit/537.36 (KHTML like Gecko) Chrome/67.0.3396.87 Safari/537.36,1533036640138,false,144,19,0,false,0,https-8243,200,http://ws.cdyne.com/phoneverify/phoneverify.asmx,90,96,16,3,91,17,gateType,label
1234,vkUIUJ5Dfl_defaultFVgPvXT7Umwa,DefaultApplication,1,apicreator,/phoneverify/1.0.0,PhoneVerification,1.0.0,/PhoneNumbers/update/10,/PhoneNumbers/update/{id},POST,apicreator,carbon.super,Bronze,10.100.0.106,John,carbon.super,10.100.0.18,Mozilla/5.0 (X11; Linux x86_64) AppleWebKit/537.36 (KHTML like Gecko) Chrome/67.0.3396.87 Safari/537.36,1533036640139,false,199,24,0,false,0,https-8243,200,http://ws.cdyne.com/phoneverify/phoneverify.asmx,91,98,19,4,92,20,gateType,label
1234,vkUIUJ5Dfl_App3FVgPvXT7Umwa,App3,3,appOwner3,/phoneverify/1.0.0,PhoneVerification,1.0.0,/PhoneNumbers/list,/PhoneNumbers/list,GET,apicreator,carbon.super,Bronze,10.100.0.106,Bob,carbon.super,10.100.1.32,Mozilla/5.0 (X11; Linux x86_64) AppleWebKit/537.36 (KHTML like Gecko) Chrome/67.0.3396.87 Safari/537.36,1533036640140,false,189,25,0,false,0,https-8243,200,http://ws.cdyne.com/phoneverify/phoneverify.asmx,92,96,24,7,93,25,gateType,label
1234,vkUIUJ5Dfl_defaultFVgPvXT7Umwa,DefaultApplication,1,apicreator,/phoneverify/1.0.0,PhoneVerification,1.0.0,/PhoneNumbers/list,/PhoneNumbers/list,GET,apicreator,carbon.super,Bronze,10.100.0.106,John,carbon.super,10.100.0.18,Mozilla/5.0 (X11; Linux x86_64) AppleWebKit/537.36 (KHTML like Gecko) Chrome/67.0.3396.87 Safari/537.36,1533036640141,false,220,15,0,false,0,https-8243,200,http://ws.cdyne.com/phoneverify/phoneverify.asmx,93,95,30,10,94,31,gateType,label
1234,vkUIUJ5Dfl_defaultFVgPvXT7Umwa,DefaultApplication,1,apicreator,/phoneverify/1.0.0,PhoneVerification,1.0.0,/PhoneNumbers/list,/PhoneNumbers/list,GET,apicreator,carbon.super,Bronze,10.100.0.106,John,carbon.super,10.100.0.18,Mozilla/5.0 (X11; Linux x86_64) AppleWebKit/537.36 (KHTML like Gecko) Chrome/67.0.3396.87 Safari/537.36,1533036640142,false,218,16,0,false,0,https-8243,200,http://ws.cdyne.com/phoneverify/phoneverify.asmx,94,100,15,4,95,16,gateType,label
1234,vkUIUJ5Dfl_defaultFVgPvXT7Umwa,DefaultApplication,1,apicreator,/phoneverify/1.0.0,PhoneVerification,1.0.0,/CheckPhoneNumber?PhoneNumber=6757658765&LicenseKey=0,CheckPhoneNumber,GET,apicreator,carbon.super,Bronze,10.100.0.106,John,carbon.super,10.100.0.18,Mozilla/5.0 (X11; Linux x86_64) AppleWebKit/537.36 (KHTML like Gecko) Chrome/67.0.3396.87 Safari/537.36,1533036640143,false,145,15,0,false,0,https-8243,200,http://ws.cdyne.com/phoneverify/phoneverify.asmx,84,91,17,2,85,18,gateType,label
1234,vkUIUJ5Dfl_app4FVgPvXT7Umwa,App4,4,appOwner4,/t/foo.com/studentManager/1.0.0,StudentManager,1.0.0,/StudentManager/list,/PhoneNumbers/list,GET,creator3,foo.com,Bronze,10.100.12.106,Paul,carbon.super,10.100.0.22,Mozilla/5.0 (Windows NT 6.1; Win64; x64; rv:47.0) Gecko/20100101 Firefox/47.0,1533036640144,false,165,17,0,false,0,https-8243,200,http://ws.cdyne.com/phoneverify/phoneverify.asmx,92,96,20,5,93,21,gateType,label
1234,vkUIUJ5Dfl_app4FVgPvXT7Umwa,App4,4,appOwner4,/t/foo.com/studentManager/1.0.0,StudentManager,1.0.0,/StudentManager/students/new,/StudentManager/students/new,GET,creator3,foo.com,Bronze,10.100.12.106,Paul,carbon.super,10.100.0.22,Mozilla/5.0 (Windows NT 6.1; Win64; x64; rv:47.0) Gecko/20100101 Firefox/47.0,1533037660683,false,154,14,0,false,0,https-8243,200,http://ws.cdyne.com/phoneverify/phoneverify.asmx,93,95,25,3,94,26,gateType,label
1234,vkUIUJ5Dfl_app4FVgPvXT7Umwa,App4,4,appOwner4,/t/foo.com/studentManager/1.0.0,StudentManager,1.0.0,/StudentManager/list,/PhoneNumbers/list,GET,creator3,foo.com,Bronze,10.100.12.106,Paul,carbon.super,10.100.0.22,Mozilla/5.0 (Windows NT 6.1; Win64; x64; rv:47.0) Gecko/20100101 Firefox/47.0,1533037660684,false,145,16,0,false,0,https-8243,200,http://ws.cdyne.com/phoneverify/phoneverify.asmx,89,95,31,6,90,32,gateType,label
1234,vkUIUJ5Dfl_App3FVgPvXT7Umwa,App3,3,appOwner3,/phoneverify/1.0.0,PhoneVerification,1.0.0,/PhoneNumbers/list,/PhoneNumbers/list,GET,apicreator,carbon.super,Bronze,10.100.0.106,Bob,carbon.super,10.100.1.32,Mozilla/5.0 (Linux; Android 7.1.1; Nexus 5X Build/N4F26T) AppleWebKit/537.36 (KHTML; like Gecko) Chrome/62.0.3202.73 Mobile Safari/537.36,1533037660685,false,200,32,0,false,0,https-8243,200,http://ws.cdyne.com/phoneverify/phoneverify.asmx,90,97,16,7,91,17,gateType,label
1234,vkUIUJ5Dfl_defaultFVgPvXT7Umwa,DefaultApplication,1,apicreator,/phoneverify/1.0.0,PhoneVerification,1.0.0,/PhoneNumbers/update/21,/PhoneNumbers/update/{id},POST,apicreator,carbon.super,Bronze,10.100.0.106,John,carbon.super,10.100.0.18,Mozilla/5.0 (X11; Linux x86_64) AppleWebKit/537.36 (KHTML like Gecko) Chrome/67.0.3396.87 Safari/537.36,1533037660686,false,145,17,0,false,0,https-8243,200,http://ws.cdyne.com/phoneverify/phoneverify.asmx,91,95,18,4,92,19,gateType,label
1234,vkUIUJ5Dfl_defaultFVgPvXT7Umwa,DefaultApplication,1,apicreator,/phoneverify/1.0.0,PhoneVerification,1.0.0,/PhoneNumbers/list,/PhoneNumbers/list,GET,apicreator,carbon.super,Bronze,10.100.0.106,John,carbon.super,10.100.0.18,Mozilla/5.0 (X11; Linux x86_64) AppleWebKit/537.36 (KHTML like Gecko) Chrome/67.0.3396.87 Safari/537.36,1533037660687,false,221,20,0,false,0,https-8243,200,http://ws.cdyne.com/phoneverify/phoneverify.asmx,102,104,21,5,103,22,gateType,label
1234,vkUIUJ5Dfl_defaultFVgPvXT7Umwa,DefaultApplication,1,apicreator,/phoneverify/1.0.0,PhoneVerification,1.0.0,/CheckPhoneNumber?PhoneNumber=6757658765&LicenseKey=0,CheckPhoneNumber,GET,apicreator,carbon.super,Bronze,10.100.0.106,John,carbon.super,10.100.0.18,Mozilla/5.0 (X11; Linux x86_64) AppleWebKit/537.36 (KHTML like Gecko) Chrome/67.0.3396.87 Safari/537.36,1533037660688,false,154,32,0,false,0,https-8243,200,http://ws.cdyne.com/phoneverify/phoneverify.asmx,103,109,26,7,104,27,gateType,label
1234,vkUIUJ5Dfl_defaultFVgPvXT7Umwa,DefaultApplication,1,apicreator,/phoneverify/1.0.0,PhoneVerification,1.0.0,/PhoneNumbers/3,/PhoneNumbers/{id},GET,apicreator,carbon.super,Bronze,10.100.0.106,John,carbon.super,10.100.0.18,Mozilla/5.0 (X11; Linux x86_64) AppleWebKit/537.36 (KHTML like Gecko) Chrome/67.0.3396.87 Safari/537.36,1533037660689,false,145,31,0,false,0,https-8243,200,http://ws.cdyne.com/phoneverify/phoneverify.asmx,85,92,32,3,86,33,gateType,label
1234,vkUIUJ5Dfl_defaultFVgPvXT7Umwa,DefaultApplication,1,apicreator,/phoneverify/1.0.0,PhoneVerification,1.0.0,/PhoneNumbers/update/14,/PhoneNumbers/update/{id},POST,apicreator,carbon.super,Bronze,10.100.0.106,John,carbon.super,10.100.0.18,Mozilla/5.0 (X11; Linux x86_64) AppleWebKit/537.36 (KHTML like Gecko) Chrome/67.0.3396.87 Safari/537.36,1533037660690,false,200,16,0,false,0,https-8243,200,http://ws.cdyne.com/phoneverify/phoneverify.asmx,86,90,15,7,87,16,gateType,label
1234,vkUIUJ5Dfl_App3FVgPvXT7Umwa,App3,3,appOwner3,/phoneverify/1.0.0,PhoneVerification,1.0.0,/PhoneNumbers/list,/PhoneNumbers/list,GET,apicreator,carbon.super,Bronze,10.100.0.106,Bob,carbon.super,10.100.1.32,Mozilla/5.0 (Linux; Android 7.1.1; Nexus 5X Build/N4F26T) AppleWebKit/537.36 (KHTML; like Gecko) Chrome/62.0.3202.73 Mobile Safari/537.36,1533037660691,false,190,15,0,false,0,https-8243,200,http://ws.cdyne.com/phoneverify/phoneverify.asmx,87,89,18,9,88,19,gateType,label
1234,vkUIUJ5Dfl_App3FVgPvXT7Umwa,App3,3,appOwner3,/phoneverify/1.0.0,PhoneVerification,1.0.0,/PhoneNumbers/update/14,/PhoneNumbers/update/{id},POST,apicreator,carbon.super,Bronze,10.100.0.106,Bob,carbon.super,10.100.1.32,Mozilla/5.0 (Linux; Android 7.1.1; Nexus 5X Build/N4F26T) AppleWebKit/537.36 (KHTML; like Gecko) Chrome/62.0.3202.73 Mobile Safari/537.36,1533037660692,false,221,15,0,false,0,https-8243,200,http://ws.cdyne.com/phoneverify/phoneverify.asmx,88,94,23,4,89,24,gateType,label
1234,vkUIUJ5Dfl_defaultFVgPvXT7Umwa,DefaultApplication,1,apicreator,/phoneverify/1.0.0,PhoneVerification,1.0.0,/CheckPhoneNumber?PhoneNumber=6757658765&LicenseKey=0,CheckPhoneNumber,GET,apicreator,carbon.super,Bronze,10.100.0.106,John,carbon.super,10.100.0.18,Mozilla/5.0 (X11; Linux x86_64) AppleWebKit/537.36 (KHTML like Gecko) Chrome/67.0.3396.87 Safari/537.36,1533037660693,false,219,18,0,false,0,https-8243,200,http://ws.cdyne.com/phoneverify/phoneverify.asmx,89,96,24,5,90,25,gateType,label
1234,vkUIUJ5Dfl_defaultFVgPvXT7Umwa,DefaultApplication,1,apicreator,/phoneverify/1.0.0,PhoneVerification,1.0.0,/CheckPhoneNumber?PhoneNumber=6757658765&LicenseKey=0,CheckPhoneNumber,GET,apicreator,carbon.super,Bronze,10.100.0.106,John,carbon.super,10.100.0.18,Mozilla/5.0 (X11; Linux x86_64) AppleWebKit/537.36 (KHTML like Gecko) Chrome/67.0.3396.87 Safari/537.36,1533037660694,false,146,23,0,false,0,https-8243,200,http://ws.cdyne.com/phoneverify/phoneverify.asmx,90,94,14,8,91,15,gateType,label
1234,vkUIUJ5Dfl_defaultFVgPvXT7Umwa,DefaultApplication,1,apicreator,/phoneverify/1.0.0,PhoneVerification,1.0.0,/PhoneNumbers/3,/PhoneNumbers/{id},GET,apicreator,carbon.super,Bronze,10.100.0.106,John,carbon.super,10.100.0.18,Mozilla/5.0 (X11; Linux x86_64) AppleWebKit/537.36 (KHTML like Gecko) Chrome/67.0.3396.87 Safari/537.36,1533037660695,false,276,24,0,false,0,https-8243,200,http://ws.cdyne.com/phoneverify/phoneverify.asmx,91,93,16,11,92,17,gateType,label
1234,vkUIUJ5Dfl_defaultFVgPvXT7Umwa,DefaultApplication,1,apicreator,/phoneverify/1.0.0,PhoneVerification,1.0.0,/PhoneNumbers/update/3,/PhoneNumbers/update/{id},POST,apicreator,carbon.super,Bronze,10.100.0.106,John,carbon.super,10.100.0.18,Mozilla/5.0 (X11; Linux x86_64) AppleWebKit/537.36 (KHTML like Gecko) Chrome/67.0.3396.87 Safari/537.36,1533037660696,false,200,17,0,false,0,https-8243,200,http://ws.cdyne.com/phoneverify/phoneverify.asmx,92,96,19,5,93,20,gateType,label
1234,vkUIUJ5Dfl_defaultFVgPvXT7Umwa,DefaultApplication,1,apicreator,/phoneverify/1.0.0,PhoneVerification,1.0.0,/PhoneNumbers/list,/PhoneNumbers/list,GET,apicreator,carbon.super,Bronze,10.100.0.106,John,carbon.super,10.100.0.18,Mozilla/5.0 (X11; Linux x86_64) AppleWebKit/537.36 (KHTML like Gecko) Chrome/67.0.3396.87 Safari/537.36,1533037660697,false,145,16,0,false,0,https-8243,200,http://ws.cdyne.com/phoneverify/phoneverify.asmx,93,95,31,3,94,32,gateType,label
1234,vkUIUJ5Dfl_defaultFVgPvXT7Umwa,DefaultApplication,1,apicreator,/phoneverify/1.0.0,PhoneVerification,1.0.0,/PhoneNumbers/18,/PhoneNumbers/{id},GET,apicreator,carbon.super,Bronze,10.100.0.106,John,carbon.super,10.100.0.18,Mozilla/5.0 (X11; Linux x86_64) AppleWebKit/537.36 (KHTML like Gecko) Chrome/67.0.3396.87 Safari/537.36,1533037660698,false,165,16,0,false,0,https-8243,200,http://ws.cdyne.com/phoneverify/phoneverify.asmx,94,100,30,6,95,31,gateType,label
1234,vkUIUJ5Dfl_defaultFVgPvXT7Umwa,DefaultApplication,1,apicreator,/phoneverify/1.0.0,PhoneVerification,1.0.0,/PhoneNumbers/update/18,/PhoneNumbers/update/{id},POST,apicreator,carbon.super,Bronze,10.100.0.106,John,carbon.super,10.100.0.18,Mozilla/5.0 (X11; Linux x86_64) AppleWebKit/537.36 (KHTML like Gecko) Chrome/67.0.3396.87 Safari/537.36,1533037660699,false,154,19,0,false,0,https-8243,200,http://ws.cdyne.com/phoneverify/phoneverify.asmx,103,110,15,4,104,16,gateType,label
1234,vkUIUJ5Dfl_app4FVgPvXT7Umwa,App4,4,appOwner4,/t/foo.com/studentManager/1.0.0,StudentManager,1.0.0,/StudentManager/list,/PhoneNumbers/list,GET,creator3,foo.com,Bronze,10.100.12.106,Paul,carbon.super,10.100.0.22,Mozilla/5.0 (Windows NT 6.1; Win64; x64; rv:47.0) Gecko/20100101 Firefox/47.0,1533037660700,false,145,24,0,false,0,https-8243,200,http://ws.cdyne.com/phoneverify/phoneverify.asmx,85,89,14,7,86,15,gateType,label
1234,vkUIUJ5Dfl_app4FVgPvXT7Umwa,App4,4,appOwner4,/t/foo.com/studentManager/1.0.0,StudentManager,1.0.0,/StudentManager/students/marks/2,/StudentManager/students/marks/{id},GET,creator3,foo.com,Bronze,10.100.12.106,Paul,carbon.super,10.100.0.22,Mozilla/5.0 (Windows NT 6.1; Win64; x64; rv:47.0) Gecko/20100101 Firefox/47.0,1533037660701,false,200,25,0,false,0,https-8243,200,http://ws.cdyne.com/phoneverify/phoneverify.asmx,86,88,16,8,87,17,gateType,label
1234,vkUIUJ5Dfl_app4FVgPvXT7Umwa,App4,4,appOwner4,/t/foo.com/studentManager/1.0.0,StudentManager,1.0.0,/StudentManager/students/new,/StudentManager/students/new,GET,creator3,foo.com,Bronze,10.100.12.106,Paul,carbon.super,10.100.0.22,Mozilla/5.0 (Windows NT 6.1; Win64; x64; rv:47.0) Gecko/20100101 Firefox/47.0,1533037660702,false,190,18,0,false,0,https-8243,200,http://ws.cdyne.com/phoneverify/phoneverify.asmx,94,100,19,5,95,20,gateType,label
